Inst_a,Inst_b,Distance
seed3,seed3_r0_#0,0.016041679683410907
seed3,seed3_r0_#0,0.0017741165501985981
seed3,seed3_r0_#0,0.008574914238514057
seed3,seed3_r1_#0,0.012619160180391173
seed3,seed3_r1_#0,0.007316651336159841
seed3,seed3_r1_#0,0.006402373498345125
seed3,seed3_t1_#0,0.00917778483683378
seed3,seed3_t1_#0,0.01766620591540906
seed3,seed3_t1_#0,0.01671736612813144
seed3,seed3_r1_#1,0.011442105386679571
seed3,seed3_r1_#1,0.009383931854600356
seed3,seed3_r1_#1,0.015612495780752926
seed3,seed3_t1_#1,0.0026990714229891666
seed3,seed3_t1_#1,0.004239258822005081
seed3,seed3_t1_#1,0.0017125150169043143
seed3,seed3_r1_#2,0.004668172558676798
seed3,seed3_r1_#2,0.026249143034340883
seed3,seed3_r1_#2,0.005480931101916069
seed3,seed3_t1_#2,0.006770483689180676
seed3,seed3_t1_#2,0.006697350919878292
seed3,seed3_t1_#2,0.0023651645011095873
seed3,seed3_r2_#0,0.026068224096782455
seed3,seed3_r2_#0,0.01853975084345334
seed3,seed3_r2_#0,0.022616521504421724
seed3,seed3_t2_#0,0.003951400393152334
seed3,seed3_t2_#0,0.0026727569749889256
seed3,seed3_t2_#0,0.004418106299840788
seed3,seed3_r2_#1,0.021332128841708032
seed3,seed3_r2_#1,0.017243794514492056
seed3,seed3_r2_#1,0.018264768648130383
seed3,seed3_t2_#1,0.004091801033382655
seed3,seed3_t2_#1,0.0126322879138022
seed3,seed3_t2_#1,0.005849467620339861
seed3,seed3_r2_#2,0.016302125639149893
seed3,seed3_r2_#2,0.018090838212883615
seed3,seed3_r2_#2,0.014406170849496252
seed3,seed3_t2_#2,0.014579336166843206
seed3,seed3_t2_#2,0.011470920661121375
seed3,seed3_t2_#2,0.005154460438479853
seed3,seed3_r3_#0,0.010705334065442763
seed3,seed3_r3_#0,0.011886547496466459
seed3,seed3_r3_#0,0.015934216768863533
seed3,seed3_t3_#0,0.003261272534578251
seed3,seed3_t3_#0,0.006389726349161256
seed3,seed3_t3_#0,0.0024189663958040573
seed3,seed3_r3_#1,0.010215286153642969
seed3,seed3_r3_#1,0.012206571875502161
seed3,seed3_r3_#1,0.008026077563297915
seed3,seed3_t3_#1,0.012858326558680916
seed3,seed3_t3_#1,0.005274036013762587
seed3,seed3_t3_#1,0.005457998424112276
seed3,seed3_r3_#2,0.009643452429595707
seed3,seed3_r3_#2,0.017341746592806878
seed3,seed3_r3_#2,0.017101769076876782
seed3,seed3_t3_#2,0.009035896317708236
seed3,seed3_t3_#2,0.004138905501638549
seed3,seed3_t3_#2,0.0026669874041356668
seed3,seed3_r4_#0,0.016636785569280572
seed3,seed3_r4_#0,0.017163755978579397
seed3,seed3_r4_#0,0.027816704234680745
seed3,seed3_t4_#0,0.006831930045064966
seed3,seed3_t4_#0,0.006589205544168296
seed3,seed3_t4_#0,0.007350400624497932
seed3,seed3_r4_#1,0.015337286277106208
seed3,seed3_r4_#1,0.00811269129029593
seed3,seed3_r4_#1,0.013296020807746462
seed3,seed3_t4_#1,0.013499924832053225
seed3,seed3_t4_#1,0.009077775909517301
seed3,seed3_t4_#1,0.003589999038110672
seed3,seed3_r4_#2,0.030154125423094983
seed3,seed3_r4_#2,0.025145989207725553
seed3,seed3_r4_#2,0.011797338950356588
seed3,seed3_t4_#2,0.008233902660055827
seed3,seed3_t4_#2,0.005328984137462836
seed3,seed3_t4_#2,0.007351725939306327
seed3,seed3_r5_#0,0.011979955885882944
seed3,seed3_r5_#0,0.014865600764405405
seed3,seed3_r5_#0,0.013553433779045491
seed3,seed3_t5_#0,0.006701609181048094
seed3,seed3_t5_#0,0.005563268902331988
seed3,seed3_t5_#0,0.0038124233682641407
seed3,seed3_r5_#1,0.011484169735311371
seed3,seed3_r5_#1,0.014481604444923506
seed3,seed3_r5_#1,0.00948679438226356
seed3,seed3_t5_#1,0.005587522440573741
seed3,seed3_t5_#1,0.009794386625622238
seed3,seed3_t5_#1,0.006180717283939653
seed3,seed3_r5_#2,0.016552970095402242
seed3,seed3_r5_#2,0.030201467474371177
seed3,seed3_r5_#2,0.01870083872787633
seed3,seed3_t5_#2,0.04440528674874135
seed3,seed3_t5_#2,0.008227094599727263
seed3,seed3_t5_#2,0.0104571978062635
seed3,seed3_r6_#0,0.011924411018742205
seed3,seed3_r6_#0,0.01194533085226882
seed3,seed3_r6_#0,0.009211949527132099
seed3,seed3_t6_#0,0.009736754681242741
seed3,seed3_t6_#0,0.021391573639485063
seed3,seed3_t6_#0,0.009085762925807997
seed3,seed3_r6_#1,0.00880726768968398
seed3,seed3_r6_#1,0.010759560091004518
seed3,seed3_r6_#1,0.009590983923708352
seed3,seed3_t6_#1,0.009748856059345282
seed3,seed3_t6_#1,0.00914756814282898
seed3,seed3_t6_#1,0.008412105232201006
seed3,seed3_r6_#2,0.016820737212138476
seed3,seed3_r6_#2,0.018121186700939578
seed3,seed3_r6_#2,0.013718449002797539
seed3,seed3_t6_#2,0.024197324033065164
seed3,seed3_t6_#2,0.005486111782540256
seed3,seed3_t6_#2,0.005958327476852553
seed3,seed3_r7_#0,0.018492454732729816
seed3,seed3_r7_#0,0.012303378842203646
seed3,seed3_r7_#0,0.017580764096916515
seed3,seed3_t7_#0,0.012090609610260691
seed3,seed3_t7_#0,0.016396182657356758
seed3,seed3_t7_#0,0.012708131697726936
seed3,seed3_r7_#1,0.014628606567032368
seed3,seed3_r7_#1,0.014000036269579387
seed3,seed3_r7_#1,0.014441849690697664
seed3,seed3_t7_#1,0.02510018280588046
seed3,seed3_t7_#1,0.009096147481453936
seed3,seed3_t7_#1,0.007950978999115973
seed3,seed3_r7_#2,0.018728097874961346
seed3,seed3_r7_#2,0.014613924258216258
seed3,seed3_r7_#2,0.016035164299006508
seed3,seed3_t7_#2,0.017003045517618092
seed3,seed3_t7_#2,0.007773208013768398
seed3,seed3_t7_#2,0.007809008318401304
seed3,seed3_r8_#0,0.009649404347899798
seed3,seed3_r8_#0,0.022514880405994725
seed3,seed3_r8_#0,0.0124801468101121
seed3,seed3_t8_#0,0.013671523696359019
seed3,seed3_t8_#0,0.013082642120204173
seed3,seed3_t8_#0,0.01073708651574137
seed3,seed3_r8_#1,0.02675978722674253
seed3,seed3_r8_#1,0.019086584361545228
seed3,seed3_r8_#1,0.018721404110520257
seed3,seed3_t8_#1,0.013076674148966827
seed3,seed3_t8_#1,0.009861571539576957
seed3,seed3_t8_#1,0.009105430628668594
seed3,seed3_r8_#2,0.007496002807122652
seed3,seed3_r8_#2,0.01433138977114149
seed3,seed3_r8_#2,0.008340449203765473
seed3,seed3_t8_#2,0.010917521995266957
seed3,seed3_t8_#2,0.009680064039746234
seed3,seed3_t8_#2,0.007375073959370177
seed3,seed3_r9_#0,0.016392781868063616
seed3,seed3_r9_#0,0.01914356517376345
seed3,seed3_r9_#0,0.01423784246203099
seed3,seed3_t9_#0,0.018938439067272828
seed3,seed3_t9_#0,0.008990095126561123
seed3,seed3_t9_#0,0.008415342774962404
seed3,seed3_r9_#1,0.0144040737901691
seed3,seed3_r9_#1,0.015385959384695676
seed3,seed3_r9_#1,0.011671090739203598
seed3,seed3_t9_#1,0.008458970013362717
seed3,seed3_t9_#1,0.013594393758381909
seed3,seed3_t9_#1,0.008015186038116528
seed3,seed3_r9_#2,0.008613178968630876
seed3,seed3_r9_#2,0.011259384816083882
seed3,seed3_r9_#2,0.014508205941174343
seed3,seed3_t9_#2,0.005890552727322768
seed3,seed3_t9_#2,0.008035784330257412
seed3,seed3_t9_#2,0.008632387904253582
seed3,seed4_r1_#0,0.013145666612534348
seed3,seed4_r1_#0,0.011396816824876557
seed3,seed4_r1_#0,0.009747447840318706
seed3,seed4_r1_#1,0.014746308977191216
seed3,seed4_r1_#1,0.013058136420013468
seed3,seed4_r1_#1,0.015957215601836067
seed3,seed4_r1_#2,0.016389407268582793
seed3,seed4_r1_#2,0.012877994724261592
seed3,seed4_r1_#2,0.015062799541624379
seed3,seed2_r1_#0,0.015831629306865797
seed3,seed2_r1_#0,0.011152103488572733
seed3,seed2_r1_#0,0.018557792182740947
seed3,seed2_r1_#1,0.01044828602846163
seed3,seed2_r1_#1,0.013237366832568669
seed3,seed2_r1_#1,0.010087062813850505
seed3,seed2_r1_#2,0.017231863317262574
seed3,seed2_r1_#2,0.013227772481759685
seed3,seed2_r1_#2,0.032196420810153524
seed3,berlin52-2_r1_#0,0.023769163547947104
seed3,berlin52-2_r1_#0,0.009641593697951499
seed3,berlin52-2_r1_#0,0.015077972784228864
seed3,berlin52-2_r1_#1,0.012990694415507993
seed3,berlin52-2_r1_#1,0.017037136236423313
seed3,berlin52-2_r1_#1,0.015268937033999248
seed3,berlin52-2_r1_#2,0.02019784136987056
seed3,berlin52-2_r1_#2,0.015505872799941391
seed3,berlin52-2_r1_#2,0.010116756803893153
seed3,eil51-1_r1_#0,0.013297853588262389
seed3,eil51-1_r1_#0,0.01859913431947277
seed3,eil51-1_r1_#0,0.023100687704780357
seed3,eil51-1_r1_#1,0.013624896331482887
seed3,eil51-1_r1_#1,0.016048163754707377
seed3,eil51-1_r1_#1,0.011717683032754687
seed3,eil51-1_r1_#2,0.010393743307514018
seed3,eil51-1_r1_#2,0.014108362781007104
seed3,eil51-1_r1_#2,0.01677932849727608
seed3,seed0_r1_#0,0.013602013598103015
seed3,seed0_r1_#0,0.014506009304838858
seed3,seed0_r1_#0,0.012674193460489473
seed3,seed0_r1_#1,0.018205425699079406
seed3,seed0_r1_#1,0.021175815161865636
seed3,seed0_r1_#1,0.01337773669813081
seed3,seed0_r1_#2,0.01706236548888669
seed3,seed0_r1_#2,0.016875916868738728
seed3,seed0_r1_#2,0.023762214083996883
seed3,seed1_r1_#0,0.02167972712716425
seed3,seed1_r1_#0,0.013046538269274181
seed3,seed1_r1_#0,0.008406876223357042
seed3,seed1_r1_#1,0.014792518577097407
seed3,seed1_r1_#1,0.01004556210797556
seed3,seed1_r1_#1,0.012944719443163428
seed3,seed1_r1_#2,0.025850992144458015
seed3,seed1_r1_#2,0.030303915056341266
seed3,seed1_r1_#2,0.01265899928093064
seed4,seed3_r1_#0,0.010065565315751786
seed4,seed3_r1_#0,0.032946690061167044
seed4,seed3_r1_#0,0.011706863620344557
seed4,seed3_r1_#1,0.006955042021101751
seed4,seed3_r1_#1,0.019811665115934882
seed4,seed3_r1_#1,0.014170294901553172
seed4,seed3_r1_#2,0.015499142830903619
seed4,seed3_r1_#2,0.025716166627468527
seed4,seed3_r1_#2,0.015183803727937963
seed4,seed4_r0_#0,0.018804232509031443
seed4,seed4_r0_#0,0.0022230196505825237
seed4,seed4_r0_#0,0.008148673986187209
seed4,seed4_r1_#0,0.024943800151786738
seed4,seed4_r1_#0,0.006634100326306284
seed4,seed4_r1_#0,0.009035832488857073
seed4,seed4_t1_#0,0.0013704774085450684
seed4,seed4_t1_#0,0.000981684083810866
seed4,seed4_t1_#0,0.0038484746125595614
seed4,seed4_r1_#1,0.006469491208611086
seed4,seed4_r1_#1,0.00789789296882373
seed4,seed4_r1_#1,0.005731314991318472
seed4,seed4_t1_#1,0.01572026213406516
seed4,seed4_t1_#1,0.005662509097448211
seed4,seed4_t1_#1,0.002362563420911301
seed4,seed4_r1_#2,0.03134692578286566
seed4,seed4_r1_#2,0.011446797631664483
seed4,seed4_r1_#2,0.010398042480189336
seed4,seed4_t1_#2,0.00648437983299876
seed4,seed4_t1_#2,0.0015520269146722507
seed4,seed4_t1_#2,0.007974244974325058
seed4,seed4_r2_#0,0.009337830868987835
seed4,seed4_r2_#0,0.012810059881235488
seed4,seed4_r2_#0,0.006784080446047404
seed4,seed4_t2_#0,0.010145149818009435
seed4,seed4_t2_#0,0.006160488825169932
seed4,seed4_t2_#0,0.003935574109504374
seed4,seed4_r2_#1,0.00857087947785247
seed4,seed4_r2_#1,0.010038825661395946
seed4,seed4_r2_#1,0.01014512070964002
seed4,seed4_t2_#1,0.0066022873887052426
seed4,seed4_t2_#1,0.0019025455251976409
seed4,seed4_t2_#1,0.003840998350384268
seed4,seed4_r2_#2,0.011290855520044985
seed4,seed4_r2_#2,0.0148583010830465
seed4,seed4_r2_#2,0.009298971218478868
seed4,seed4_t2_#2,0.009157945035554926
seed4,seed4_t2_#2,0.0015273320770579726
seed4,seed4_t2_#2,0.004477768002866598
seed4,seed4_r3_#0,0.01345876205688343
seed4,seed4_r3_#0,0.019129529813382316
seed4,seed4_r3_#0,0.01404751207684126
seed4,seed4_t3_#0,0.00909030305898647
seed4,seed4_t3_#0,0.005878072288377828
seed4,seed4_t3_#0,0.013305146769444323
seed4,seed4_r3_#1,0.029650943471857122
seed4,seed4_r3_#1,0.00384638883521373
seed4,seed4_r3_#1,0.014718876137641636
seed4,seed4_t3_#1,0.013537966487522509
seed4,seed4_t3_#1,0.006181297099854721
seed4,seed4_t3_#1,0.005796320027332409
seed4,seed4_r3_#2,0.008521090890003158
seed4,seed4_r3_#2,0.008369033191126462
seed4,seed4_r3_#2,0.01034645142704393
seed4,seed4_t3_#2,0.01441764598210888
seed4,seed4_t3_#2,0.015869342019637297
seed4,seed4_t3_#2,0.0061234273430430634
seed4,seed4_r4_#0,0.016842205166919404
seed4,seed4_r4_#0,0.020164391632916022
seed4,seed4_r4_#0,0.010889045681139868
seed4,seed4_t4_#0,0.005360033272148547
seed4,seed4_t4_#0,0.006690153074049801
seed4,seed4_t4_#0,0.00798171674286358
seed4,seed4_r4_#1,0.01212760110440319
seed4,seed4_r4_#1,0.010107110621156837
seed4,seed4_r4_#1,0.01071929486302312
seed4,seed4_t4_#1,0.0058785638801070305
seed4,seed4_t4_#1,0.005278160507252197
seed4,seed4_t4_#1,0.012300956788138468
seed4,seed4_r4_#2,0.00837390217878485
seed4,seed4_r4_#2,0.026575527049929097
seed4,seed4_r4_#2,0.010984247303302639
seed4,seed4_t4_#2,0.009681720346928395
seed4,seed4_t4_#2,0.004551095140420438
seed4,seed4_t4_#2,0.0067870975509991775
seed4,seed4_r5_#0,0.017002409414705124
seed4,seed4_r5_#0,0.010982042934200454
seed4,seed4_r5_#0,0.008824742580001502
seed4,seed4_t5_#0,0.0060044903844493356
seed4,seed4_t5_#0,0.016225051094363178
seed4,seed4_t5_#0,0.0062288933809130885
seed4,seed4_r5_#1,0.01702246428002908
seed4,seed4_r5_#1,0.0127205389816763
seed4,seed4_r5_#1,0.013653273737441256
seed4,seed4_t5_#1,0.009109353767583758
seed4,seed4_t5_#1,0.007921140900086051
seed4,seed4_t5_#1,0.014031055479422894
seed4,seed4_r5_#2,0.012514802668953422
seed4,seed4_r5_#2,0.011507453511804282
seed4,seed4_r5_#2,0.016042857232952793
seed4,seed4_t5_#2,0.005298556713436501
seed4,seed4_t5_#2,0.010935446912665868
seed4,seed4_t5_#2,0.011790720352205335
seed4,seed4_r6_#0,0.02507401646511194
seed4,seed4_r6_#0,0.0326772849883473
seed4,seed4_r6_#0,0.03497646309200276
seed4,seed4_t6_#0,0.0034787944402225363
seed4,seed4_t6_#0,0.014839631376530698
seed4,seed4_t6_#0,0.008498391090671402
seed4,seed4_r6_#1,0.011380951923817677
seed4,seed4_r6_#1,0.009647913554624184
seed4,seed4_r6_#1,0.010148847122752921
seed4,seed4_t6_#1,0.004501420332480954
seed4,seed4_t6_#1,0.006812825552989551
seed4,seed4_t6_#1,0.010059936468800238
seed4,seed4_r6_#2,0.016143410601439992
seed4,seed4_r6_#2,0.015900285660998586
seed4,seed4_r6_#2,0.00765735298182815
seed4,seed4_t6_#2,0.0073828763208085854
seed4,seed4_t6_#2,0.016251461559082626
seed4,seed4_t6_#2,0.009266178948825652
seed4,seed4_r7_#0,0.03418355755692646
seed4,seed4_r7_#0,0.009099313865353483
seed4,seed4_r7_#0,0.011160071655317138
seed4,seed4_t7_#0,0.01113546235949113
seed4,seed4_t7_#0,0.011144085225937102
seed4,seed4_t7_#0,0.005948566324570783
seed4,seed4_r7_#1,0.009668384269004033
seed4,seed4_r7_#1,0.01016652637595753
seed4,seed4_r7_#1,0.01046137064494865
seed4,seed4_t7_#1,0.013614449017450873
seed4,seed4_t7_#1,0.0075006016756086445
seed4,seed4_t7_#1,0.009200697622979865
seed4,seed4_r7_#2,0.011898075128268777
seed4,seed4_r7_#2,0.010311830362100679
seed4,seed4_r7_#2,0.01305776262107195
seed4,seed4_t7_#2,0.008239249741197269
seed4,seed4_t7_#2,0.012096382313930747
seed4,seed4_t7_#2,0.006284712380480723
seed4,seed4_r8_#0,0.013816218869248702
seed4,seed4_r8_#0,0.010071050604700196
seed4,seed4_r8_#0,0.015830182218580815
seed4,seed4_t8_#0,0.008163642106083675
seed4,seed4_t8_#0,0.007247224258686137
seed4,seed4_t8_#0,0.006020611719966487
seed4,seed4_r8_#1,0.014442771990426704
seed4,seed4_r8_#1,0.022014381633755065
seed4,seed4_r8_#1,0.038112349850081426
seed4,seed4_t8_#1,0.007640550065413853
seed4,seed4_t8_#1,0.007981127365833259
seed4,seed4_t8_#1,0.00648793353203535
seed4,seed4_r8_#2,0.00939383317429072
seed4,seed4_r8_#2,0.013809706344426678
seed4,seed4_r8_#2,0.008160386991019017
seed4,seed4_t8_#2,0.008243044916212085
seed4,seed4_t8_#2,0.008140410867228805
seed4,seed4_t8_#2,0.005552898830918176
seed4,seed4_r9_#0,0.01700545791465611
seed4,seed4_r9_#0,0.04287391591377807
seed4,seed4_r9_#0,0.010125688646014906
seed4,seed4_t9_#0,0.00890748765705005
seed4,seed4_t9_#0,0.01285528168277728
seed4,seed4_t9_#0,0.02242770537489506
seed4,seed4_r9_#1,0.01938846660889365
seed4,seed4_r9_#1,0.01367111689211553
seed4,seed4_r9_#1,0.012774872229833171
seed4,seed4_t9_#1,0.007087230654028087
seed4,seed4_t9_#1,0.016853502508674977
seed4,seed4_t9_#1,0.008711973945270811
seed4,seed4_r9_#2,0.02232847588524513
seed4,seed4_r9_#2,0.016510446629574564
seed4,seed4_r9_#2,0.013186814908004208
seed4,seed4_t9_#2,0.011760126867578087
seed4,seed4_t9_#2,0.013495911056465797
seed4,seed4_t9_#2,0.012337312907821823
seed4,seed2_r1_#0,0.012743971667017026
seed4,seed2_r1_#0,0.014043038199689148
seed4,seed2_r1_#0,0.010254858136085381
seed4,seed2_r1_#1,0.009713982555951562
seed4,seed2_r1_#1,0.009700162620556622
seed4,seed2_r1_#1,0.009114239028808912
seed4,seed2_r1_#2,0.011419791442572292
seed4,seed2_r1_#2,0.010380208648949188
seed4,seed2_r1_#2,0.012924955435012219
seed4,berlin52-2_r1_#0,0.015240359500975234
seed4,berlin52-2_r1_#0,0.01739848365145069
seed4,berlin52-2_r1_#0,0.013376497119220137
seed4,berlin52-2_r1_#1,0.012190086566296776
seed4,berlin52-2_r1_#1,0.009310516896897696
seed4,berlin52-2_r1_#1,0.01449611547766549
seed4,berlin52-2_r1_#2,0.009699747228567956
seed4,berlin52-2_r1_#2,0.025722776957782117
seed4,berlin52-2_r1_#2,0.011661808546165983
seed4,eil51-1_r1_#0,0.020686621218388136
seed4,eil51-1_r1_#0,0.01602267722126911
seed4,eil51-1_r1_#0,0.01443530250320557
seed4,eil51-1_r1_#1,0.015512848413325887
seed4,eil51-1_r1_#1,0.009862135980465803
seed4,eil51-1_r1_#1,0.01588789628689591
seed4,eil51-1_r1_#2,0.014830157996245277
seed4,eil51-1_r1_#2,0.01591141439488645
seed4,eil51-1_r1_#2,0.014068650351380788
seed4,seed0_r1_#0,0.010606399344727499
seed4,seed0_r1_#0,0.009776345092348095
seed4,seed0_r1_#0,0.014599721508347978
seed4,seed0_r1_#1,0.010467173221022584
seed4,seed0_r1_#1,0.01137726250245119
seed4,seed0_r1_#1,0.015072921634459583
seed4,seed0_r1_#2,0.007198774767239584
seed4,seed0_r1_#2,0.009679765211829552
seed4,seed0_r1_#2,0.010416878192689298
seed4,seed1_r1_#0,0.027513501834621402
seed4,seed1_r1_#0,0.01672995996694674
seed4,seed1_r1_#0,0.015209365219706773
seed4,seed1_r1_#1,0.012625500866687673
seed4,seed1_r1_#1,0.016762692686685555
seed4,seed1_r1_#1,0.022429208360243043
seed4,seed1_r1_#2,0.019308165844988606
seed4,seed1_r1_#2,0.02393486901046599
seed4,seed1_r1_#2,0.020111099400869123
seed2,seed3_r1_#0,0.01128547259725043
seed2,seed3_r1_#0,0.010544364936534762
seed2,seed3_r1_#0,0.041434738646407766
seed2,seed3_r1_#1,0.030275394537475537
seed2,seed3_r1_#1,0.01687047479537546
seed2,seed3_r1_#1,0.019720440689465185
seed2,seed3_r1_#2,0.009921135524543543
seed2,seed3_r1_#2,0.009866522789743242
seed2,seed3_r1_#2,0.06597181580087176
seed2,seed4_r1_#0,0.019235571323430085
seed2,seed4_r1_#0,0.010459380979520518
seed2,seed4_r1_#0,0.016105944204274386
seed2,seed4_r1_#1,0.013429394984398355
seed2,seed4_r1_#1,0.010588290439334595
seed2,seed4_r1_#1,0.012272479385030653
seed2,seed4_r1_#2,0.01604284068827253
seed2,seed4_r1_#2,0.019280801277307517
seed2,seed4_r1_#2,0.020184923395204044
seed2,seed2_r0_#0,0.002045506148648826
seed2,seed2_r0_#0,0.014214273388728849
seed2,seed2_r0_#0,0.003952737377332123
seed2,seed2_r1_#0,0.00796554569272984
seed2,seed2_r1_#0,0.006406832231989493
seed2,seed2_r1_#0,0.00475063323404875
seed2,seed2_t1_#0,0.0020864585822351843
seed2,seed2_t1_#0,0.00915783919804928
seed2,seed2_t1_#0,0.005987417075458404
seed2,seed2_r1_#1,0.006802951400620087
seed2,seed2_r1_#1,0.018386556898497032
seed2,seed2_r1_#1,0.0072619514694962275
seed2,seed2_t1_#1,0.003113293277366847
seed2,seed2_t1_#1,0.0035324159499202728
seed2,seed2_t1_#1,0.006903043832241575
seed2,seed2_r1_#2,0.008559860520565421
seed2,seed2_r1_#2,0.00993636410179824
seed2,seed2_r1_#2,0.03220968862179272
seed2,seed2_t1_#2,0.009957286341969452
seed2,seed2_t1_#2,0.019087921865742107
seed2,seed2_t1_#2,0.00928736050616958
seed2,seed2_r2_#0,0.024213815743707158
seed2,seed2_r2_#0,0.01772724774876274
seed2,seed2_r2_#0,0.02912329999265817
seed2,seed2_t2_#0,0.005628185093570215
seed2,seed2_t2_#0,0.0026657716454930613
seed2,seed2_t2_#0,0.007668956819448435
seed2,seed2_r2_#1,0.00631311711893563
seed2,seed2_r2_#1,0.00960434127032308
seed2,seed2_r2_#1,0.01580989888808793
seed2,seed2_t2_#1,0.003544340109262047
seed2,seed2_t2_#1,0.0020369155529351857
seed2,seed2_t2_#1,0.006949751267119914
seed2,seed2_r2_#2,0.00865995818963758
seed2,seed2_r2_#2,0.006802076232797495
seed2,seed2_r2_#2,0.007934683124277208
seed2,seed2_t2_#2,0.004997315342054856
seed2,seed2_t2_#2,0.0052781281231687035
seed2,seed2_t2_#2,0.0044375431890357545
seed2,seed2_r3_#0,0.022674921140706964
seed2,seed2_r3_#0,0.009364476176890416
seed2,seed2_r3_#0,0.01070903715615949
seed2,seed2_t3_#0,0.0064136759218765835
seed2,seed2_t3_#0,0.040741524358709605
seed2,seed2_t3_#0,0.0030402803088258913
seed2,seed2_r3_#1,0.009055596462847636
seed2,seed2_r3_#1,0.017092731633897768
seed2,seed2_r3_#1,0.02322333488773487
seed2,seed2_t3_#1,0.005996511665782336
seed2,seed2_t3_#1,0.012231768019561256
seed2,seed2_t3_#1,0.004006113743655838
seed2,seed2_r3_#2,0.014106995178591923
seed2,seed2_r3_#2,0.015099511054175294
seed2,seed2_r3_#2,0.008267518193595252
seed2,seed2_t3_#2,0.00568163056866253
seed2,seed2_t3_#2,0.0038286720893758426
seed2,seed2_t3_#2,0.011545661497455513
seed2,seed2_r4_#0,0.013183408161621668
seed2,seed2_r4_#0,0.0114972365782072
seed2,seed2_r4_#0,0.008653456081990592
seed2,seed2_t4_#0,0.0052209762657053835
seed2,seed2_t4_#0,0.006889449901235032
seed2,seed2_t4_#0,0.0045380187946993744
seed2,seed2_r4_#1,0.01295667297759633
seed2,seed2_r4_#1,0.007512195777813019
seed2,seed2_r4_#1,0.014290238163861735
seed2,seed2_t4_#1,0.004894338209855946
seed2,seed2_t4_#1,0.006533340423652934
seed2,seed2_t4_#1,0.005302595170739515
seed2,seed2_r4_#2,0.01536362497236627
seed2,seed2_r4_#2,0.008537423974093706
seed2,seed2_r4_#2,0.01154791792603376
seed2,seed2_t4_#2,0.006865061900803579
seed2,seed2_t4_#2,0.007603272950482207
seed2,seed2_t4_#2,0.00872088326380931
seed2,seed2_r5_#0,0.00788067319477427
seed2,seed2_r5_#0,0.008329514833180097
seed2,seed2_r5_#0,0.007267811758683529
seed2,seed2_t5_#0,0.007243089249892888
seed2,seed2_t5_#0,0.008930644783534395
seed2,seed2_t5_#0,0.005490162734865153
seed2,seed2_r5_#1,0.005935806580144131
seed2,seed2_r5_#1,0.01343031436145712
seed2,seed2_r5_#1,0.018679447610510075
seed2,seed2_t5_#1,0.006623590380687597
seed2,seed2_t5_#1,0.007782705695525363
seed2,seed2_t5_#1,0.004198017074278698
seed2,seed2_r5_#2,0.008150717855482438
seed2,seed2_r5_#2,0.008374706988962801
seed2,seed2_r5_#2,0.007743354687889357
seed2,seed2_t5_#2,0.007465111222491197
seed2,seed2_t5_#2,0.0026495776573286734
seed2,seed2_t5_#2,0.004824157742054365
seed2,seed2_r6_#0,0.011630443517341327
seed2,seed2_r6_#0,0.010635722214760305
seed2,seed2_r6_#0,0.015538855217910572
seed2,seed2_t6_#0,0.003871066515987107
seed2,seed2_t6_#0,0.009797846229299051
seed2,seed2_t6_#0,0.008061986171139563
seed2,seed2_r6_#1,0.00863191331179296
seed2,seed2_r6_#1,0.008346521180838095
seed2,seed2_r6_#1,0.01055118394186286
seed2,seed2_t6_#1,0.007389344507544302
seed2,seed2_t6_#1,0.006069208320253712
seed2,seed2_t6_#1,0.0056879126508822065
seed2,seed2_r6_#2,0.010585505294155768
seed2,seed2_r6_#2,0.007261062018651653
seed2,seed2_r6_#2,0.007031661977843698
seed2,seed2_t6_#2,0.006723348408575525
seed2,seed2_t6_#2,0.00502167622594445
seed2,seed2_t6_#2,0.0054835574694334956
seed2,seed2_r7_#0,0.015441093813972448
seed2,seed2_r7_#0,0.008581599814027157
seed2,seed2_r7_#0,0.013260577133681171
seed2,seed2_t7_#0,0.023482862687464502
seed2,seed2_t7_#0,0.0075821447791015175
seed2,seed2_t7_#0,0.008372054844726463
seed2,seed2_r7_#1,0.009713005497330908
seed2,seed2_r7_#1,0.009257786990398332
seed2,seed2_r7_#1,0.011552667408670161
seed2,seed2_t7_#1,0.0051072638020782666
seed2,seed2_t7_#1,0.00894818767041709
seed2,seed2_t7_#1,0.0281054842152589
seed2,seed2_r7_#2,0.03498580347975539
seed2,seed2_r7_#2,0.009842232674780193
seed2,seed2_r7_#2,0.022700072573814584
seed2,seed2_t7_#2,0.036611327011695616
seed2,seed2_t7_#2,0.007500491365127941
seed2,seed2_t7_#2,0.0051859768253044855
seed2,seed2_r8_#0,0.011426341514139505
seed2,seed2_r8_#0,0.008274085080187885
seed2,seed2_r8_#0,0.009899451119197284
seed2,seed2_t8_#0,0.008452071054994575
seed2,seed2_t8_#0,0.007667064197221585
seed2,seed2_t8_#0,0.011909106065260511
seed2,seed2_r8_#1,0.010101792709553904
seed2,seed2_r8_#1,0.0068646215974186055
seed2,seed2_r8_#1,0.01244268476783736
seed2,seed2_t8_#1,0.01241153540325889
seed2,seed2_t8_#1,0.006086608706652555
seed2,seed2_t8_#1,0.007461648790228132
seed2,seed2_r8_#2,0.008818873554263805
seed2,seed2_r8_#2,0.011614386652132715
seed2,seed2_r8_#2,0.008911055345705306
seed2,seed2_t8_#2,0.009040504990428517
seed2,seed2_t8_#2,0.006603092599596442
seed2,seed2_t8_#2,0.008414445764043425
seed2,seed2_r9_#0,0.01945248770420497
seed2,seed2_r9_#0,0.022873873988417538
seed2,seed2_r9_#0,0.008809353136050467
seed2,seed2_t9_#0,0.010571097605704126
seed2,seed2_t9_#0,0.007988123044334331
seed2,seed2_t9_#0,0.00744767937605208
seed2,seed2_r9_#1,0.01033812642521022
seed2,seed2_r9_#1,0.012966862182070967
seed2,seed2_r9_#1,0.012853196197975435
seed2,seed2_t9_#1,0.006864607337279017
seed2,seed2_t9_#1,0.01079389738237797
seed2,seed2_t9_#1,0.006024284608183684
seed2,seed2_r9_#2,0.006844711309433194
seed2,seed2_r9_#2,0.00792886016962599
seed2,seed2_r9_#2,0.009513031104799752
seed2,seed2_t9_#2,0.009802415689646632
seed2,seed2_t9_#2,0.007502521935716731
seed2,seed2_t9_#2,0.0173974245349068
seed2,berlin52-2_r1_#0,0.015118605896312918
seed2,berlin52-2_r1_#0,0.012438416717135171
seed2,berlin52-2_r1_#0,0.01311168863377052
seed2,berlin52-2_r1_#1,0.01427427621921902
seed2,berlin52-2_r1_#1,0.010017591344130099
seed2,berlin52-2_r1_#1,0.014128424056013555
seed2,berlin52-2_r1_#2,0.010314042408673778
seed2,berlin52-2_r1_#2,0.007962998630965853
seed2,berlin52-2_r1_#2,0.00820725715034751
seed2,eil51-1_r1_#0,0.009046090672982622
seed2,eil51-1_r1_#0,0.010681519965378854
seed2,eil51-1_r1_#0,0.011347157363264901
seed2,eil51-1_r1_#1,0.008840666615261183
seed2,eil51-1_r1_#1,0.017137203426936153
seed2,eil51-1_r1_#1,0.011770742406760798
seed2,eil51-1_r1_#2,0.009094077055086353
seed2,eil51-1_r1_#2,0.008140335014795998
seed2,eil51-1_r1_#2,0.008830513379643683
seed2,seed0_r1_#0,0.009260444780196277
seed2,seed0_r1_#0,0.010787623244888044
seed2,seed0_r1_#0,0.01344628162389765
seed2,seed0_r1_#1,0.015225104469942552
seed2,seed0_r1_#1,0.010001339241235484
seed2,seed0_r1_#1,0.01200078877414331
seed2,seed0_r1_#2,0.01012907477035423
seed2,seed0_r1_#2,0.010383206445558915
seed2,seed0_r1_#2,0.008283090651735193
seed2,seed1_r1_#0,0.014008443331887421
seed2,seed1_r1_#0,0.010830075772324851
seed2,seed1_r1_#0,0.009209885488652599
seed2,seed1_r1_#1,0.012158121075145306
seed2,seed1_r1_#1,0.017850669647469133
seed2,seed1_r1_#1,0.011277737425705122
seed2,seed1_r1_#2,0.012101769276395646
seed2,seed1_r1_#2,0.02270606557400765
seed2,seed1_r1_#2,0.021266358559092435
berlin52-2,seed3_r1_#0,0.01162197225003754
berlin52-2,seed3_r1_#0,0.007611062687520935
berlin52-2,seed3_r1_#0,0.013892910713798218
berlin52-2,seed3_r1_#1,0.02697315860053697
berlin52-2,seed3_r1_#1,0.022710010622590343
berlin52-2,seed3_r1_#1,0.011589712808279742
berlin52-2,seed3_r1_#2,0.012589394981946072
berlin52-2,seed3_r1_#2,0.01589355028065091
berlin52-2,seed3_r1_#2,0.014327576078468183
berlin52-2,seed4_r1_#0,0.009901942385101276
berlin52-2,seed4_r1_#0,0.021959988410408252
berlin52-2,seed4_r1_#0,0.01988667133631793
berlin52-2,seed4_r1_#1,0.0180107069163304
berlin52-2,seed4_r1_#1,0.008358078212242643
berlin52-2,seed4_r1_#1,0.032143050701067995
berlin52-2,seed4_r1_#2,0.007235738823824481
berlin52-2,seed4_r1_#2,0.009930065633958632
berlin52-2,seed4_r1_#2,0.008481873989042562
berlin52-2,seed2_r1_#0,0.009370829789018476
berlin52-2,seed2_r1_#0,0.013320235763527899
berlin52-2,seed2_r1_#0,0.03642856281827756
berlin52-2,seed2_r1_#1,0.03635171182747413
berlin52-2,seed2_r1_#1,0.008937085453991835
berlin52-2,seed2_r1_#1,0.014190103567961377
berlin52-2,seed2_r1_#2,0.013164506769734997
berlin52-2,seed2_r1_#2,0.02820737555478503
berlin52-2,seed2_r1_#2,0.014385884683604877
berlin52-2,berlin52-2_r0_#0,0.0020606837584875334
berlin52-2,berlin52-2_r0_#0,0.006707190131116963
berlin52-2,berlin52-2_r0_#0,0.005447120527039464
berlin52-2,berlin52-2_r1_#0,0.008175413664942786
berlin52-2,berlin52-2_r1_#0,0.005111731046522147
berlin52-2,berlin52-2_r1_#0,0.00630584946511728
berlin52-2,berlin52-2_t1_#0,0.011129917127903113
berlin52-2,berlin52-2_t1_#0,0.003728745851287052
berlin52-2,berlin52-2_t1_#0,0.0027403996183963876
berlin52-2,berlin52-2_r1_#1,0.007943065331748028
berlin52-2,berlin52-2_r1_#1,0.007430849422159938
berlin52-2,berlin52-2_r1_#1,0.008558560182567058
berlin52-2,berlin52-2_t1_#1,0.007643406284975381
berlin52-2,berlin52-2_t1_#1,0.00279167700354992
berlin52-2,berlin52-2_t1_#1,0.005269670669055724
berlin52-2,berlin52-2_r1_#2,0.009057271056572301
berlin52-2,berlin52-2_r1_#2,0.005477189415712072
berlin52-2,berlin52-2_r1_#2,0.006133052552330242
berlin52-2,berlin52-2_t1_#2,0.002260344287262241
berlin52-2,berlin52-2_t1_#2,0.003228281827499931
berlin52-2,berlin52-2_t1_#2,0.003704278541813417
berlin52-2,berlin52-2_r2_#0,0.015407719208829355
berlin52-2,berlin52-2_r2_#0,0.007591233944316678
berlin52-2,berlin52-2_r2_#0,0.012313530459765323
berlin52-2,berlin52-2_t2_#0,0.004269333742598484
berlin52-2,berlin52-2_t2_#0,0.01968667496510538
berlin52-2,berlin52-2_t2_#0,0.005601412919138377
berlin52-2,berlin52-2_r2_#1,0.020829953293286595
berlin52-2,berlin52-2_r2_#1,0.029517241904945354
berlin52-2,berlin52-2_r2_#1,0.006383173610187102
berlin52-2,berlin52-2_t2_#1,0.00570948244758882
berlin52-2,berlin52-2_t2_#1,0.005115470995596002
berlin52-2,berlin52-2_t2_#1,0.004543317694100482
berlin52-2,berlin52-2_r2_#2,0.012274909803370659
berlin52-2,berlin52-2_r2_#2,0.007901773253777545
berlin52-2,berlin52-2_r2_#2,0.007408179949151562
berlin52-2,berlin52-2_t2_#2,0.005669497387272121
berlin52-2,berlin52-2_t2_#2,0.00501891064960716
berlin52-2,berlin52-2_t2_#2,0.007079054129611627
berlin52-2,berlin52-2_r3_#0,0.011538498199186384
berlin52-2,berlin52-2_r3_#0,0.015881080463729966
berlin52-2,berlin52-2_r3_#0,0.02278765449765734
berlin52-2,berlin52-2_t3_#0,0.008609787618852973
berlin52-2,berlin52-2_t3_#0,0.0071122722209033176
berlin52-2,berlin52-2_t3_#0,0.00814234486523452
berlin52-2,berlin52-2_r3_#1,0.032583277628107886
berlin52-2,berlin52-2_r3_#1,0.01132100301190606
berlin52-2,berlin52-2_r3_#1,0.019794274064336814
berlin52-2,berlin52-2_t3_#1,0.01347656094708394
berlin52-2,berlin52-2_t3_#1,0.014420205086863315
berlin52-2,berlin52-2_t3_#1,0.004890647704096724
berlin52-2,berlin52-2_r3_#2,0.016453592921323684
berlin52-2,berlin52-2_r3_#2,0.015006533639154577
berlin52-2,berlin52-2_r3_#2,0.008309315607118258
berlin52-2,berlin52-2_t3_#2,0.004615701960172134
berlin52-2,berlin52-2_t3_#2,0.003722372784178306
berlin52-2,berlin52-2_t3_#2,0.011962403286072398
berlin52-2,berlin52-2_r4_#0,0.013653781733198095
berlin52-2,berlin52-2_r4_#0,0.043324576184321534
berlin52-2,berlin52-2_r4_#0,0.035512785722456905
berlin52-2,berlin52-2_t4_#0,0.011733716144316043
berlin52-2,berlin52-2_t4_#0,0.009965733413758749
berlin52-2,berlin52-2_t4_#0,0.005124470312650713
berlin52-2,berlin52-2_r4_#1,0.013167763362586977
berlin52-2,berlin52-2_r4_#1,0.03908949813240343
berlin52-2,berlin52-2_r4_#1,0.0178652876041878
berlin52-2,berlin52-2_t4_#1,0.0075739440043895165
berlin52-2,berlin52-2_t4_#1,0.009012612489731961
berlin52-2,berlin52-2_t4_#1,0.007062698381850305
berlin52-2,berlin52-2_r4_#2,0.04369693247488047
berlin52-2,berlin52-2_r4_#2,0.03781305110339301
berlin52-2,berlin52-2_r4_#2,0.017488124124700712
berlin52-2,berlin52-2_t4_#2,0.009353765716145792
berlin52-2,berlin52-2_t4_#2,0.006560425862032152
berlin52-2,berlin52-2_t4_#2,0.006990068723791851
berlin52-2,berlin52-2_r5_#0,0.021025224608399982
berlin52-2,berlin52-2_r5_#0,0.027386994909761785
berlin52-2,berlin52-2_r5_#0,0.012615961217478693
berlin52-2,berlin52-2_t5_#0,0.007691039675545524
berlin52-2,berlin52-2_t5_#0,0.007497525488257962
berlin52-2,berlin52-2_t5_#0,0.007407158160832967
berlin52-2,berlin52-2_r5_#1,0.021071296708039294
berlin52-2,berlin52-2_r5_#1,0.021654821232267335
berlin52-2,berlin52-2_r5_#1,0.014727021005392122
berlin52-2,berlin52-2_t5_#1,0.006722170370949208
berlin52-2,berlin52-2_t5_#1,0.00803421703751627
berlin52-2,berlin52-2_t5_#1,0.0054565834188012
berlin52-2,berlin52-2_r5_#2,0.022558351140163132
berlin52-2,berlin52-2_r5_#2,0.02256252628976287
berlin52-2,berlin52-2_r5_#2,0.047588356485126104
berlin52-2,berlin52-2_t5_#2,0.011186483168811347
berlin52-2,berlin52-2_t5_#2,0.004654030937000624
berlin52-2,berlin52-2_t5_#2,0.010497374632269995
berlin52-2,berlin52-2_r6_#0,0.010991416882230105
berlin52-2,berlin52-2_r6_#0,0.010069520696613304
berlin52-2,berlin52-2_r6_#0,0.028936735009080884
berlin52-2,berlin52-2_t6_#0,0.017818456456174518
berlin52-2,berlin52-2_t6_#0,0.009722685319140272
berlin52-2,berlin52-2_t6_#0,0.008040606577852646
berlin52-2,berlin52-2_r6_#1,0.03298175868553222
berlin52-2,berlin52-2_r6_#1,0.01823281055334934
berlin52-2,berlin52-2_r6_#1,0.055459389490211466
berlin52-2,berlin52-2_t6_#1,0.006847022749664423
berlin52-2,berlin52-2_t6_#1,0.015151023642925166
berlin52-2,berlin52-2_t6_#1,0.006022076011387475
berlin52-2,berlin52-2_r6_#2,0.03210051460016706
berlin52-2,berlin52-2_r6_#2,0.02323854701353694
berlin52-2,berlin52-2_r6_#2,0.030158114362571643
berlin52-2,berlin52-2_t6_#2,0.007921163803355313
berlin52-2,berlin52-2_t6_#2,0.018078334402720324
berlin52-2,berlin52-2_t6_#2,0.0074148160053016665
berlin52-2,berlin52-2_r7_#0,0.028028050939959574
berlin52-2,berlin52-2_r7_#0,0.027396451307529074
berlin52-2,berlin52-2_r7_#0,0.020310483666113308
berlin52-2,berlin52-2_t7_#0,0.006416700311581808
berlin52-2,berlin52-2_t7_#0,0.01093873535432761
berlin52-2,berlin52-2_t7_#0,0.016203478985234478
berlin52-2,berlin52-2_r7_#1,0.019572768283326266
berlin52-2,berlin52-2_r7_#1,0.024264320409182173
berlin52-2,berlin52-2_r7_#1,0.011944252309563688
berlin52-2,berlin52-2_t7_#1,0.023555391189673328
berlin52-2,berlin52-2_t7_#1,0.00841177211217878
berlin52-2,berlin52-2_t7_#1,0.00843768095093804
berlin52-2,berlin52-2_r7_#2,0.01352289230671307
berlin52-2,berlin52-2_r7_#2,0.034252232712573
berlin52-2,berlin52-2_r7_#2,0.024543661842179237
berlin52-2,berlin52-2_t7_#2,0.012953052652460441
berlin52-2,berlin52-2_t7_#2,0.022278059410084854
berlin52-2,berlin52-2_t7_#2,0.011250855380006919
berlin52-2,berlin52-2_r8_#0,0.025810653464112286
berlin52-2,berlin52-2_r8_#0,0.022915487361932427
berlin52-2,berlin52-2_r8_#0,0.019201634485404045
berlin52-2,berlin52-2_t8_#0,0.008080445331390136
berlin52-2,berlin52-2_t8_#0,0.007438932909766216
berlin52-2,berlin52-2_t8_#0,0.011674071225635779
berlin52-2,berlin52-2_r8_#1,0.02654178073728592
berlin52-2,berlin52-2_r8_#1,0.052446130950638575
berlin52-2,berlin52-2_r8_#1,0.022919255669165053
berlin52-2,berlin52-2_t8_#1,0.008653584781645221
berlin52-2,berlin52-2_t8_#1,0.006837481458670341
berlin52-2,berlin52-2_t8_#1,0.01145121045466409
berlin52-2,berlin52-2_r8_#2,0.01865448773685113
berlin52-2,berlin52-2_r8_#2,0.01877314635677029
berlin52-2,berlin52-2_r8_#2,0.0357072572632879
berlin52-2,berlin52-2_t8_#2,0.011355641163320686
berlin52-2,berlin52-2_t8_#2,0.006910253461958544
berlin52-2,berlin52-2_t8_#2,0.006212813057265925
berlin52-2,berlin52-2_r9_#0,0.01117105158456685
berlin52-2,berlin52-2_r9_#0,0.016961297806977825
berlin52-2,berlin52-2_r9_#0,0.014317994046495565
berlin52-2,berlin52-2_t9_#0,0.00744365923419245
berlin52-2,berlin52-2_t9_#0,0.010690256487432562
berlin52-2,berlin52-2_t9_#0,0.008809729761491438
berlin52-2,berlin52-2_r9_#1,0.009890513084375519
berlin52-2,berlin52-2_r9_#1,0.013158818371881001
berlin52-2,berlin52-2_r9_#1,0.015603419569642793
berlin52-2,berlin52-2_t9_#1,0.005650123768596301
berlin52-2,berlin52-2_t9_#1,0.00780138130036038
berlin52-2,berlin52-2_t9_#1,0.004211342350153893
berlin52-2,berlin52-2_r9_#2,0.014243672569958742
berlin52-2,berlin52-2_r9_#2,0.013235194233921553
berlin52-2,berlin52-2_r9_#2,0.00886237597205273
berlin52-2,berlin52-2_t9_#2,0.007878913634585814
berlin52-2,berlin52-2_t9_#2,0.009246664096022756
berlin52-2,berlin52-2_t9_#2,0.008017572043810662
berlin52-2,eil51-1_r1_#0,0.010286387695937418
berlin52-2,eil51-1_r1_#0,0.013808329691920106
berlin52-2,eil51-1_r1_#0,0.006925617511611327
berlin52-2,eil51-1_r1_#1,0.010083753404179637
berlin52-2,eil51-1_r1_#1,0.008113324125324508
berlin52-2,eil51-1_r1_#1,0.007915442261872406
berlin52-2,eil51-1_r1_#2,0.007274274549953053
berlin52-2,eil51-1_r1_#2,0.0077662384689423155
berlin52-2,eil51-1_r1_#2,0.015327724798965546
berlin52-2,seed0_r1_#0,0.013883099250081347
berlin52-2,seed0_r1_#0,0.006417725431942725
berlin52-2,seed0_r1_#0,0.012878034829633914
berlin52-2,seed0_r1_#1,0.009797108485943019
berlin52-2,seed0_r1_#1,0.013240526077811132
berlin52-2,seed0_r1_#1,0.005600354536223098
berlin52-2,seed0_r1_#2,0.013489605334897223
berlin52-2,seed0_r1_#2,0.015023963484847747
berlin52-2,seed0_r1_#2,0.007643203396635116
berlin52-2,seed1_r1_#0,0.007886146267846054
berlin52-2,seed1_r1_#0,0.011364034310512545
berlin52-2,seed1_r1_#0,0.009008125477965008
berlin52-2,seed1_r1_#1,0.017304598085587188
berlin52-2,seed1_r1_#1,0.010426320316439398
berlin52-2,seed1_r1_#1,0.011393558576053602
berlin52-2,seed1_r1_#2,0.00958180812500862
berlin52-2,seed1_r1_#2,0.00887579953328133
berlin52-2,seed1_r1_#2,0.0368962078659417
eil51-1,seed3_r1_#0,0.012046263340026382
eil51-1,seed3_r1_#0,0.028777083361667462
eil51-1,seed3_r1_#0,0.02616711773395588
eil51-1,seed3_r1_#1,0.028887602048144848
eil51-1,seed3_r1_#1,0.028609914794141097
eil51-1,seed3_r1_#1,0.01141889772532586
eil51-1,seed3_r1_#2,0.02900482098991735
eil51-1,seed3_r1_#2,0.03581907965886495
eil51-1,seed3_r1_#2,0.03633003114705377
eil51-1,seed4_r1_#0,0.025272119400280624
eil51-1,seed4_r1_#0,0.020495400893894858
eil51-1,seed4_r1_#0,0.024120071028625248
eil51-1,seed4_r1_#1,0.019505111233560718
eil51-1,seed4_r1_#1,0.012063521559662695
eil51-1,seed4_r1_#1,0.02026811343446068
eil51-1,seed4_r1_#2,0.007995559983624211
eil51-1,seed4_r1_#2,0.011449646306286015
eil51-1,seed4_r1_#2,0.018437453909997133
eil51-1,seed2_r1_#0,0.010579499976989546
eil51-1,seed2_r1_#0,0.012834036056279786
eil51-1,seed2_r1_#0,0.023982501733347598
eil51-1,seed2_r1_#1,0.01399576473619182
eil51-1,seed2_r1_#1,0.022179773134693357
eil51-1,seed2_r1_#1,0.012313321495050869
eil51-1,seed2_r1_#2,0.009935041051328303
eil51-1,seed2_r1_#2,0.018611608411295135
eil51-1,seed2_r1_#2,0.008994271663577216
eil51-1,berlin52-2_r1_#0,0.012070139010660352
eil51-1,berlin52-2_r1_#0,0.013532293787079028
eil51-1,berlin52-2_r1_#0,0.011198043050384987
eil51-1,berlin52-2_r1_#1,0.021354946501046617
eil51-1,berlin52-2_r1_#1,0.02279323686472007
eil51-1,berlin52-2_r1_#1,0.010251135516521763
eil51-1,berlin52-2_r1_#2,0.010710700792522036
eil51-1,berlin52-2_r1_#2,0.008768605032623588
eil51-1,berlin52-2_r1_#2,0.01820107841356069
eil51-1,eil51-1_r0_#0,0.006816182221302285
eil51-1,eil51-1_r0_#0,0.0013131221767594442
eil51-1,eil51-1_r0_#0,0.004889317434574785
eil51-1,eil51-1_r1_#0,0.004300605411912017
eil51-1,eil51-1_r1_#0,0.004292342770717255
eil51-1,eil51-1_r1_#0,0.00370479940625361
eil51-1,eil51-1_t1_#0,0.008695942021121806
eil51-1,eil51-1_t1_#0,0.0021783618037097014
eil51-1,eil51-1_t1_#0,0.005878089908655808
eil51-1,eil51-1_r1_#1,0.010139883261867592
eil51-1,eil51-1_r1_#1,0.014294588358239718
eil51-1,eil51-1_r1_#1,0.009848409758883979
eil51-1,eil51-1_t1_#1,0.002513975528635716
eil51-1,eil51-1_t1_#1,0.004881550801206006
eil51-1,eil51-1_t1_#1,0.0048183967797978235
eil51-1,eil51-1_r1_#2,0.006642657635062107
eil51-1,eil51-1_r1_#2,0.00880925456732839
eil51-1,eil51-1_r1_#2,0.006515116890160023
eil51-1,eil51-1_t1_#2,0.0178252967789979
eil51-1,eil51-1_t1_#2,0.003614468873771306
eil51-1,eil51-1_t1_#2,0.007618943591895522
eil51-1,eil51-1_r2_#0,0.00943828054728463
eil51-1,eil51-1_r2_#0,0.01916710524164375
eil51-1,eil51-1_r2_#0,0.01140191834154298
eil51-1,eil51-1_t2_#0,0.011552439279846245
eil51-1,eil51-1_t2_#0,0.009385627971663077
eil51-1,eil51-1_t2_#0,0.004814145644797563
eil51-1,eil51-1_r2_#1,0.012311391191063977
eil51-1,eil51-1_r2_#1,0.009023919365901207
eil51-1,eil51-1_r2_#1,0.009154476675627856
eil51-1,eil51-1_t2_#1,0.020015045480924823
eil51-1,eil51-1_t2_#1,0.010035773540333907
eil51-1,eil51-1_t2_#1,0.008148007507656907
eil51-1,eil51-1_r2_#2,0.013737012403055282
eil51-1,eil51-1_r2_#2,0.012259283979418709
eil51-1,eil51-1_r2_#2,0.010038923108138524
eil51-1,eil51-1_t2_#2,0.004248359678158078
eil51-1,eil51-1_t2_#2,0.0024655425976635474
eil51-1,eil51-1_t2_#2,0.008041213668276623
eil51-1,eil51-1_r3_#0,0.017288684324489937
eil51-1,eil51-1_r3_#0,0.019052737584107124
eil51-1,eil51-1_r3_#0,0.02531501310189971
eil51-1,eil51-1_t3_#0,0.00964734664872926
eil51-1,eil51-1_t3_#0,0.0056563677727481144
eil51-1,eil51-1_t3_#0,0.023395699973908703
eil51-1,eil51-1_r3_#1,0.033603448757082315
eil51-1,eil51-1_r3_#1,0.04360808766493241
eil51-1,eil51-1_r3_#1,0.011422349865053385
eil51-1,eil51-1_t3_#1,0.012032940006561908
eil51-1,eil51-1_t3_#1,0.007258088217074062
eil51-1,eil51-1_t3_#1,0.004006199980451742
eil51-1,eil51-1_r3_#2,0.009673201362067705
eil51-1,eil51-1_r3_#2,0.015135137441404586
eil51-1,eil51-1_r3_#2,0.011121697646453554
eil51-1,eil51-1_t3_#2,0.006825088513045794
eil51-1,eil51-1_t3_#2,0.0068827517796860175
eil51-1,eil51-1_t3_#2,0.011474418805811872
eil51-1,eil51-1_r4_#0,0.02375261551859105
eil51-1,eil51-1_r4_#0,0.011837314974040053
eil51-1,eil51-1_r4_#0,0.02666535701323026
eil51-1,eil51-1_t4_#0,0.012725946794393128
eil51-1,eil51-1_t4_#0,0.0051760223630552445
eil51-1,eil51-1_t4_#0,0.016019583399951284
eil51-1,eil51-1_r4_#1,0.035976920192061786
eil51-1,eil51-1_r4_#1,0.045868214042144924
eil51-1,eil51-1_r4_#1,0.04343871585803641
eil51-1,eil51-1_t4_#1,0.023128973770226442
eil51-1,eil51-1_t4_#1,0.041981874355890854
eil51-1,eil51-1_t4_#1,0.00798432654779459
eil51-1,eil51-1_r4_#2,0.05267263848407956
eil51-1,eil51-1_r4_#2,0.04776933041661958
eil51-1,eil51-1_r4_#2,0.04077993477582511
eil51-1,eil51-1_t4_#2,0.004972115385457541
eil51-1,eil51-1_t4_#2,0.0044652176885288325
eil51-1,eil51-1_t4_#2,0.00634013579104626
eil51-1,eil51-1_r5_#0,0.027316651231402776
eil51-1,eil51-1_r5_#0,0.04401956691233505
eil51-1,eil51-1_r5_#0,0.040806480243548486
eil51-1,eil51-1_t5_#0,0.009426864210723161
eil51-1,eil51-1_t5_#0,0.008970010814784192
eil51-1,eil51-1_t5_#0,0.010415699862512435
eil51-1,eil51-1_r5_#1,0.023880848001957732
eil51-1,eil51-1_r5_#1,0.04936375827854807
eil51-1,eil51-1_r5_#1,0.03610268810471135
eil51-1,eil51-1_t5_#1,0.0072497144571824915
eil51-1,eil51-1_t5_#1,0.008146717660586876
eil51-1,eil51-1_t5_#1,0.013274889563664842
eil51-1,eil51-1_r5_#2,0.031542799943290206
eil51-1,eil51-1_r5_#2,0.04696536693325907
eil51-1,eil51-1_r5_#2,0.05651173772188569
eil51-1,eil51-1_t5_#2,0.012591665102114158
eil51-1,eil51-1_t5_#2,0.012048814322508013
eil51-1,eil51-1_t5_#2,0.027799014233055242
eil51-1,eil51-1_r6_#0,0.03584942160057508
eil51-1,eil51-1_r6_#0,0.04024485236501933
eil51-1,eil51-1_r6_#0,0.046282107642224915
eil51-1,eil51-1_t6_#0,0.008231478483375954
eil51-1,eil51-1_t6_#0,0.008978686394227544
eil51-1,eil51-1_t6_#0,0.009027900876101455
eil51-1,eil51-1_r6_#1,0.03345347418678331
eil51-1,eil51-1_r6_#1,0.04086112083713503
eil51-1,eil51-1_r6_#1,0.07272505530050641
eil51-1,eil51-1_t6_#1,0.013700981955622337
eil51-1,eil51-1_t6_#1,0.012252391241884764
eil51-1,eil51-1_t6_#1,0.009388534851058832
eil51-1,eil51-1_r6_#2,0.02422590636184148
eil51-1,eil51-1_r6_#2,0.0193195910482734
eil51-1,eil51-1_r6_#2,0.02254058946214183
eil51-1,eil51-1_t6_#2,0.009963897490285575
eil51-1,eil51-1_t6_#2,0.010606205167791349
eil51-1,eil51-1_t6_#2,0.007023841137484328
eil51-1,eil51-1_r7_#0,0.0163269072987574
eil51-1,eil51-1_r7_#0,0.020415973508508385
eil51-1,eil51-1_r7_#0,0.02434225767912917
eil51-1,eil51-1_t7_#0,0.009852383090422185
eil51-1,eil51-1_t7_#0,0.013749445891786576
eil51-1,eil51-1_t7_#0,0.012942179964324715
eil51-1,eil51-1_r7_#1,0.015778259617988077
eil51-1,eil51-1_r7_#1,0.013425760563682937
eil51-1,eil51-1_r7_#1,0.012274652449026188
eil51-1,eil51-1_t7_#1,0.017792561075856094
eil51-1,eil51-1_t7_#1,0.016934127839675885
eil51-1,eil51-1_t7_#1,0.009589406068598025
eil51-1,eil51-1_r7_#2,0.01961799579149333
eil51-1,eil51-1_r7_#2,0.026752379864019685
eil51-1,eil51-1_r7_#2,0.019607557097065485
eil51-1,eil51-1_t7_#2,0.00537867418097383
eil51-1,eil51-1_t7_#2,0.028194546209060808
eil51-1,eil51-1_t7_#2,0.006360746964665309
eil51-1,eil51-1_r8_#0,0.012847987318987477
eil51-1,eil51-1_r8_#0,0.01782000828080741
eil51-1,eil51-1_r8_#0,0.007692363518673488
eil51-1,eil51-1_t8_#0,0.011134213276456589
eil51-1,eil51-1_t8_#0,0.006189092800047227
eil51-1,eil51-1_t8_#0,0.006069972063205728
eil51-1,eil51-1_r8_#1,0.009374635000876118
eil51-1,eil51-1_r8_#1,0.014744923496534657
eil51-1,eil51-1_r8_#1,0.022934600599599526
eil51-1,eil51-1_t8_#1,0.01302298719614008
eil51-1,eil51-1_t8_#1,0.013480197577778583
eil51-1,eil51-1_t8_#1,0.012526320242469994
eil51-1,eil51-1_r8_#2,0.019067223364508258
eil51-1,eil51-1_r8_#2,0.016749376634122105
eil51-1,eil51-1_r8_#2,0.014418709301131727
eil51-1,eil51-1_t8_#2,0.008479394250121224
eil51-1,eil51-1_t8_#2,0.009410562968684272
eil51-1,eil51-1_t8_#2,0.01432998771190265
eil51-1,eil51-1_r9_#0,0.014053545725092305
eil51-1,eil51-1_r9_#0,0.01761590199191115
eil51-1,eil51-1_r9_#0,0.01770895619035394
eil51-1,eil51-1_t9_#0,0.00709978485219943
eil51-1,eil51-1_t9_#0,0.009136602046213374
eil51-1,eil51-1_t9_#0,0.010910524084974654
eil51-1,eil51-1_r9_#1,0.01792048732273742
eil51-1,eil51-1_r9_#1,0.009845591389458667
eil51-1,eil51-1_r9_#1,0.016816685356080618
eil51-1,eil51-1_t9_#1,0.018512376039518327
eil51-1,eil51-1_t9_#1,0.00999072475889808
eil51-1,eil51-1_t9_#1,0.014203290795098697
eil51-1,eil51-1_r9_#2,0.01276446962489726
eil51-1,eil51-1_r9_#2,0.018126419984160598
eil51-1,eil51-1_r9_#2,0.01564087479901702
eil51-1,eil51-1_t9_#2,0.014593479795968534
eil51-1,eil51-1_t9_#2,0.010842296283443043
eil51-1,eil51-1_t9_#2,0.011503699904602475
eil51-1,seed0_r1_#0,0.012033469566273354
eil51-1,seed0_r1_#0,0.016726433502735304
eil51-1,seed0_r1_#0,0.01794672271252466
eil51-1,seed0_r1_#1,0.012119804461898462
eil51-1,seed0_r1_#1,0.014772384027078572
eil51-1,seed0_r1_#1,0.01109610778167799
eil51-1,seed0_r1_#2,0.01078903882432071
eil51-1,seed0_r1_#2,0.008780093652482663
eil51-1,seed0_r1_#2,0.007437772562834743
eil51-1,seed1_r1_#0,0.02780794264877825
eil51-1,seed1_r1_#0,0.012121638148966456
eil51-1,seed1_r1_#0,0.008262240175390834
eil51-1,seed1_r1_#1,0.013166100630167701
eil51-1,seed1_r1_#1,0.014676836484878544
eil51-1,seed1_r1_#1,0.014920987355390696
eil51-1,seed1_r1_#2,0.01895451914180683
eil51-1,seed1_r1_#2,0.009536037184503217
eil51-1,seed1_r1_#2,0.01683353249769861
seed0,seed3_r1_#0,0.027692386276070673
seed0,seed3_r1_#0,0.03065141910269006
seed0,seed3_r1_#0,0.02052992542386707
seed0,seed3_r1_#1,0.0309021961780084
seed0,seed3_r1_#1,0.032422209018841956
seed0,seed3_r1_#1,0.01442063683138096
seed0,seed3_r1_#2,0.02863995676181046
seed0,seed3_r1_#2,0.021211231234061545
seed0,seed3_r1_#2,0.05708111933794756
seed0,seed4_r1_#0,0.01482496051254023
seed0,seed4_r1_#0,0.05672444375568477
seed0,seed4_r1_#0,0.018851328770529252
seed0,seed4_r1_#1,0.02742479853428007
seed0,seed4_r1_#1,0.009333586139684021
seed0,seed4_r1_#1,0.027089465598362294
seed0,seed4_r1_#2,0.03660945824795325
seed0,seed4_r1_#2,0.04367440850742711
seed0,seed4_r1_#2,0.009207265273522119
seed0,seed2_r1_#0,0.007718319667931044
seed0,seed2_r1_#0,0.04183204259136917
seed0,seed2_r1_#0,0.011358266041890672
seed0,seed2_r1_#1,0.010349621632280854
seed0,seed2_r1_#1,0.026525677551039836
seed0,seed2_r1_#1,0.011456245637190514
seed0,seed2_r1_#2,0.011622069457506587
seed0,seed2_r1_#2,0.007563856289623184
seed0,seed2_r1_#2,0.023489430006583593
seed0,berlin52-2_r1_#0,0.01774529116077419
seed0,berlin52-2_r1_#0,0.012308444743015946
seed0,berlin52-2_r1_#0,0.010713055244695131
seed0,berlin52-2_r1_#1,0.015951504531657393
seed0,berlin52-2_r1_#1,0.030913161374547676
seed0,berlin52-2_r1_#1,0.012412369725969381
seed0,berlin52-2_r1_#2,0.011747605607666425
seed0,berlin52-2_r1_#2,0.008351746051169156
seed0,berlin52-2_r1_#2,0.01720947633239454
seed0,eil51-1_r1_#0,0.029537582324839412
seed0,eil51-1_r1_#0,0.022679397664424873
seed0,eil51-1_r1_#0,0.008832719975517385
seed0,eil51-1_r1_#1,0.017669695668418146
seed0,eil51-1_r1_#1,0.005710834513218736
seed0,eil51-1_r1_#1,0.011864862504194391
seed0,eil51-1_r1_#2,0.012694104095706078
seed0,eil51-1_r1_#2,0.030544085214549797
seed0,eil51-1_r1_#2,0.012147944737238556
seed0,seed0_r0_#0,0.014222982875463646
seed0,seed0_r0_#0,0.003530779860307969
seed0,seed0_r0_#0,0.017514566271403693
seed0,seed0_r1_#0,0.015574956464482766
seed0,seed0_r1_#0,0.008161078779996186
seed0,seed0_r1_#0,0.02994755332182805
seed0,seed0_t1_#0,0.004113183523243354
seed0,seed0_t1_#0,0.004117248270563937
seed0,seed0_t1_#0,0.004002849861989607
seed0,seed0_r1_#1,0.007762883891895544
seed0,seed0_r1_#1,0.009517640997113273
seed0,seed0_r1_#1,0.008245000948679495
seed0,seed0_t1_#1,0.010358832414217159
seed0,seed0_t1_#1,0.00984089912068252
seed0,seed0_t1_#1,0.007920133440040307
seed0,seed0_r1_#2,0.007533032295989253
seed0,seed0_r1_#2,0.016659928054752613
seed0,seed0_r1_#2,0.01056276749343639
seed0,seed0_t1_#2,0.019116809823496242
seed0,seed0_t1_#2,0.007609172413879096
seed0,seed0_t1_#2,0.008314250595067126
seed0,seed0_r2_#0,0.02206881331015325
seed0,seed0_r2_#0,0.007855746085417831
seed0,seed0_r2_#0,0.00956733915326013
seed0,seed0_t2_#0,0.00273279132127286
seed0,seed0_t2_#0,0.02175316057744374
seed0,seed0_t2_#0,0.0012779261904280318
seed0,seed0_r2_#1,0.039115746017787945
seed0,seed0_r2_#1,0.026386049270122593
seed0,seed0_r2_#1,0.007758132005990633
seed0,seed0_t2_#1,0.023142522356362417
seed0,seed0_t2_#1,0.00815467950438172
seed0,seed0_t2_#1,0.004175465869527264
seed0,seed0_r2_#2,0.008911322236415586
seed0,seed0_r2_#2,0.010417943350637953
seed0,seed0_r2_#2,0.011416186718003549
seed0,seed0_t2_#2,0.0024841295722838985
seed0,seed0_t2_#2,0.0020902896365469596
seed0,seed0_t2_#2,0.0051174201966235015
seed0,seed0_r3_#0,0.007243299774756434
seed0,seed0_r3_#0,0.007862260864382898
seed0,seed0_r3_#0,0.018912103263538496
seed0,seed0_t3_#0,0.0064450014401248625
seed0,seed0_t3_#0,0.005272586292438558
seed0,seed0_t3_#0,0.006924008685086732
seed0,seed0_r3_#1,0.00854541854003403
seed0,seed0_r3_#1,0.00947421677059973
seed0,seed0_r3_#1,0.012018214616193705
seed0,seed0_t3_#1,0.002835842131544749
seed0,seed0_t3_#1,0.007428588444816585
seed0,seed0_t3_#1,0.005286218225767078
seed0,seed0_r3_#2,0.02511254142952307
seed0,seed0_r3_#2,0.014402904604090074
seed0,seed0_r3_#2,0.0070650037907681075
seed0,seed0_t3_#2,0.007707215719123985
seed0,seed0_t3_#2,0.0052028183748528065
seed0,seed0_t3_#2,0.006772855912121891
seed0,seed0_r4_#0,0.008421216283268645
seed0,seed0_r4_#0,0.016653192040173112
seed0,seed0_r4_#0,0.02377364547702091
seed0,seed0_t4_#0,0.005708082940287202
seed0,seed0_t4_#0,0.0054252368446404365
seed0,seed0_t4_#0,0.008137788702917537
seed0,seed0_r4_#1,0.013986513703066911
seed0,seed0_r4_#1,0.00750897496005922
seed0,seed0_r4_#1,0.009337732352588338
seed0,seed0_t4_#1,0.002381311398809154
seed0,seed0_t4_#1,0.018917078941724504
seed0,seed0_t4_#1,0.009037345350802072
seed0,seed0_r4_#2,0.018159169957051607
seed0,seed0_r4_#2,0.019481275407266026
seed0,seed0_r4_#2,0.032023587631966895
seed0,seed0_t4_#2,0.006769697988436541
seed0,seed0_t4_#2,0.02153679218832562
seed0,seed0_t4_#2,0.008858319157819837
seed0,seed0_r5_#0,0.007638310476057311
seed0,seed0_r5_#0,0.010172100141023077
seed0,seed0_r5_#0,0.0170884631550269
seed0,seed0_t5_#0,0.008095558641960909
seed0,seed0_t5_#0,0.013175618925665473
seed0,seed0_t5_#0,0.025780279162097675
seed0,seed0_r5_#1,0.011857833464148983
seed0,seed0_r5_#1,0.02038242288639567
seed0,seed0_r5_#1,0.009030462931417136
seed0,seed0_t5_#1,0.003618710279259238
seed0,seed0_t5_#1,0.005461523729768936
seed0,seed0_t5_#1,0.006696847119778272
seed0,seed0_r5_#2,0.009927492308661719
seed0,seed0_r5_#2,0.01161647543510925
seed0,seed0_r5_#2,0.01511062404941989
seed0,seed0_t5_#2,0.004451032818627589
seed0,seed0_t5_#2,0.007909409282381234
seed0,seed0_t5_#2,0.004390023236177014
seed0,seed0_r6_#0,0.008436651404809259
seed0,seed0_r6_#0,0.010657824301653742
seed0,seed0_r6_#0,0.006864016476599937
seed0,seed0_t6_#0,0.02351578744546301
seed0,seed0_t6_#0,0.005040634233805432
seed0,seed0_t6_#0,0.005434329344175374
seed0,seed0_r6_#1,0.009484252589294638
seed0,seed0_r6_#1,0.01193166885175261
seed0,seed0_r6_#1,0.015866037252244777
seed0,seed0_t6_#1,0.01807967294235831
seed0,seed0_t6_#1,0.021259949748428122
seed0,seed0_t6_#1,0.012929276756011424
seed0,seed0_r6_#2,0.015971723202217618
seed0,seed0_r6_#2,0.024993371719729037
seed0,seed0_r6_#2,0.02958972195072216
seed0,seed0_t6_#2,0.008051840543252288
seed0,seed0_t6_#2,0.005466553678267123
seed0,seed0_t6_#2,0.004794717393062715
seed0,seed0_r7_#0,0.032351396172925394
seed0,seed0_r7_#0,0.013287504811561015
seed0,seed0_r7_#0,0.030724002642031897
seed0,seed0_t7_#0,0.004260639653049872
seed0,seed0_t7_#0,0.009290950061364097
seed0,seed0_t7_#0,0.008586336039402655
seed0,seed0_r7_#1,0.025115550097239096
seed0,seed0_r7_#1,0.010376351107423349
seed0,seed0_r7_#1,0.00933764240694845
seed0,seed0_t7_#1,0.006783201651886132
seed0,seed0_t7_#1,0.004514793567700396
seed0,seed0_t7_#1,0.005412926281766133
seed0,seed0_r7_#2,0.01028251499798143
seed0,seed0_r7_#2,0.005403102583332351
seed0,seed0_r7_#2,0.02589666585930284
seed0,seed0_t7_#2,0.014785963927511612
seed0,seed0_t7_#2,0.007218335101333403
seed0,seed0_t7_#2,0.005315903150365659
seed0,seed0_r8_#0,0.006809535617071589
seed0,seed0_r8_#0,0.008093504150999154
seed0,seed0_r8_#0,0.0193719704115385
seed0,seed0_t8_#0,0.00822861558752933
seed0,seed0_t8_#0,0.007281791598990969
seed0,seed0_t8_#0,0.00709646887966224
seed0,seed0_r8_#1,0.013891543944068557
seed0,seed0_r8_#1,0.022523709747390888
seed0,seed0_r8_#1,0.006656431242753268
seed0,seed0_t8_#1,0.00489737517366092
seed0,seed0_t8_#1,0.0051329509437221185
seed0,seed0_t8_#1,0.007033492767405206
seed0,seed0_r8_#2,0.04851819417633676
seed0,seed0_r8_#2,0.01701507642768716
seed0,seed0_r8_#2,0.03404465919221811
seed0,seed0_t8_#2,0.006161203628918609
seed0,seed0_t8_#2,0.02510124323633997
seed0,seed0_t8_#2,0.011489828665106245
seed0,seed0_r9_#0,0.010205569878584968
seed0,seed0_r9_#0,0.006445297750182983
seed0,seed0_r9_#0,0.015826860121100426
seed0,seed0_t9_#0,0.006297866566315709
seed0,seed0_t9_#0,0.009560934172989316
seed0,seed0_t9_#0,0.0068101324193403125
seed0,seed0_r9_#1,0.009688025790826432
seed0,seed0_r9_#1,0.016604733341274745
seed0,seed0_r9_#1,0.014952089558913194
seed0,seed0_t9_#1,0.012174295626707346
seed0,seed0_t9_#1,0.025011749535191374
seed0,seed0_t9_#1,0.008717326042341003
seed0,seed0_r9_#2,0.024656419347432207
seed0,seed0_r9_#2,0.009311724565756511
seed0,seed0_r9_#2,0.01586813147979386
seed0,seed0_t9_#2,0.005346045838715024
seed0,seed0_t9_#2,0.03386701976918873
seed0,seed0_t9_#2,0.00708878110588157
seed0,seed1_r1_#0,0.01270455776330909
seed0,seed1_r1_#0,0.031064817913973215
seed0,seed1_r1_#0,0.03978226036082308
seed0,seed1_r1_#1,0.007790862554819933
seed0,seed1_r1_#1,0.014202566478647139
seed0,seed1_r1_#1,0.01723167950690718
seed0,seed1_r1_#2,0.026239754007962742
seed0,seed1_r1_#2,0.01640271479648612
seed0,seed1_r1_#2,0.03164998981896176
seed1,seed3_r1_#0,0.011514672946979356
seed1,seed3_r1_#0,0.015111855885581432
seed1,seed3_r1_#0,0.032603402732804515
seed1,seed3_r1_#1,0.01056698546123358
seed1,seed3_r1_#1,0.01158246342183814
seed1,seed3_r1_#1,0.05469014613412668
seed1,seed3_r1_#2,0.018039626412512465
seed1,seed3_r1_#2,0.04184512842501895
seed1,seed3_r1_#2,0.02787477084866912
seed1,seed4_r1_#0,0.02512150978807123
seed1,seed4_r1_#0,0.041754923504601374
seed1,seed4_r1_#0,0.005721426403228163
seed1,seed4_r1_#1,0.004744667378631597
seed1,seed4_r1_#1,0.021171430685248304
seed1,seed4_r1_#1,0.014017848407589127
seed1,seed4_r1_#2,0.01134069985983181
seed1,seed4_r1_#2,0.009480026404221534
seed1,seed4_r1_#2,0.012357327077131075
seed1,seed2_r1_#0,0.021882108701842307
seed1,seed2_r1_#0,0.009322762265576833
seed1,seed2_r1_#0,0.016070448024435698
seed1,seed2_r1_#1,0.017090048281107408
seed1,seed2_r1_#1,0.02499568706223716
seed1,seed2_r1_#1,0.02001980559342785
seed1,seed2_r1_#2,0.02140236552939313
seed1,seed2_r1_#2,0.013173743377349492
seed1,seed2_r1_#2,0.016254089269068808
seed1,berlin52-2_r1_#0,0.017004208217817056
seed1,berlin52-2_r1_#0,0.01905321723271983
seed1,berlin52-2_r1_#0,0.014338724336850411
seed1,berlin52-2_r1_#1,0.012756969136366031
seed1,berlin52-2_r1_#1,0.016098971056509297
seed1,berlin52-2_r1_#1,0.010534588665935533
seed1,berlin52-2_r1_#2,0.017159529047921777
seed1,berlin52-2_r1_#2,0.015486822989074245
seed1,berlin52-2_r1_#2,0.011178713135679308
seed1,eil51-1_r1_#0,0.0077815859390858635
seed1,eil51-1_r1_#0,0.012162344876585107
seed1,eil51-1_r1_#0,0.011662275167523656
seed1,eil51-1_r1_#1,0.01767853967541249
seed1,eil51-1_r1_#1,0.011801803528607218
seed1,eil51-1_r1_#1,0.017409306581634233
seed1,eil51-1_r1_#2,0.03147236118251724
seed1,eil51-1_r1_#2,0.010496403886424725
seed1,eil51-1_r1_#2,0.016417809137728542
seed1,seed0_r1_#0,0.024258913360786366
seed1,seed0_r1_#0,0.03327985452989677
seed1,seed0_r1_#0,0.017201757233459302
seed1,seed0_r1_#1,0.030453331044931305
seed1,seed0_r1_#1,0.010404437789067498
seed1,seed0_r1_#1,0.02520900403849213
seed1,seed0_r1_#2,0.025439832772672553
seed1,seed0_r1_#2,0.013753715595790418
seed1,seed0_r1_#2,0.008352428248139894
seed1,seed1_r0_#0,0.003364344939297578
seed1,seed1_r0_#0,0.010570908043673588
seed1,seed1_r0_#0,0.011863680898508332
seed1,seed1_r1_#0,0.007478421359195714
seed1,seed1_r1_#0,0.010801783023782228
seed1,seed1_r1_#0,0.006238744899075059
seed1,seed1_t1_#0,0.04040452094064018
seed1,seed1_t1_#0,0.008367582841262019
seed1,seed1_t1_#0,0.0019429968561482341
seed1,seed1_r1_#1,0.00839756635266528
seed1,seed1_r1_#1,0.008375481799539938
seed1,seed1_r1_#1,0.011721489120312898
seed1,seed1_t1_#1,0.006089023606616589
seed1,seed1_t1_#1,0.008056418649719415
seed1,seed1_t1_#1,0.0009282932934189204
seed1,seed1_r1_#2,0.00971645866934009
seed1,seed1_r1_#2,0.010795684701285781
seed1,seed1_r1_#2,0.01309970467400711
seed1,seed1_t1_#2,0.031039755520161624
seed1,seed1_t1_#2,0.003254864320857914
seed1,seed1_t1_#2,0.006461913958435722
seed1,seed1_r2_#0,0.025866962575718622
seed1,seed1_r2_#0,0.009831037434125866
seed1,seed1_r2_#0,0.01394331282258812
seed1,seed1_t2_#0,0.01100200119054265
seed1,seed1_t2_#0,0.010169119193580272
seed1,seed1_t2_#0,0.005715086914521582
seed1,seed1_r2_#1,0.00770785858747466
seed1,seed1_r2_#1,0.0075330120279978145
seed1,seed1_r2_#1,0.007520242458271504
seed1,seed1_t2_#1,0.0032028387594567626
seed1,seed1_t2_#1,0.004887897143036682
seed1,seed1_t2_#1,0.003175488074835673
seed1,seed1_r2_#2,0.013659063050772923
seed1,seed1_r2_#2,0.011765359376293976
seed1,seed1_r2_#2,0.012396313495387693
seed1,seed1_t2_#2,0.02507602737677304
seed1,seed1_t2_#2,0.011509974527010499
seed1,seed1_t2_#2,0.009846876192391106
seed1,seed1_r3_#0,0.011257829897166685
seed1,seed1_r3_#0,0.009851166550455535
seed1,seed1_r3_#0,0.011999370117732357
seed1,seed1_t3_#0,0.012715531072607294
seed1,seed1_t3_#0,0.009784269191554484
seed1,seed1_t3_#0,0.04510089463970734
seed1,seed1_r3_#1,0.010129129507194188
seed1,seed1_r3_#1,0.009450803348237643
seed1,seed1_r3_#1,0.012401026834659568
seed1,seed1_t3_#1,0.01507064406832466
seed1,seed1_t3_#1,0.00622841730989751
seed1,seed1_t3_#1,0.003769435337764837
seed1,seed1_r3_#2,0.01658464006873727
seed1,seed1_r3_#2,0.010308702135530333
seed1,seed1_r3_#2,0.01425235160849268
seed1,seed1_t3_#2,0.005488122193534855
seed1,seed1_t3_#2,0.00441617035970312
seed1,seed1_t3_#2,0.004251797531267432
seed1,seed1_r4_#0,0.04295839917714969
seed1,seed1_r4_#0,0.015313004947583354
seed1,seed1_r4_#0,0.009628201416762527
seed1,seed1_t4_#0,0.01906610786679781
seed1,seed1_t4_#0,0.00896861979272
seed1,seed1_t4_#0,0.008990737192963281
seed1,seed1_r4_#1,0.08247200866834598
seed1,seed1_r4_#1,0.03396360038062315
seed1,seed1_r4_#1,0.008537871401249685
seed1,seed1_t4_#1,0.005463010989757309
seed1,seed1_t4_#1,0.005920202151073686
seed1,seed1_t4_#1,0.006166859200753042
seed1,seed1_r4_#2,0.010887399581393039
seed1,seed1_r4_#2,0.013421085113680993
seed1,seed1_r4_#2,0.00901119158848836
seed1,seed1_t4_#2,0.01326656677419039
seed1,seed1_t4_#2,0.005323057803127755
seed1,seed1_t4_#2,0.009295116163985316
seed1,seed1_r5_#0,0.010996157010276082
seed1,seed1_r5_#0,0.0165754668503177
seed1,seed1_r5_#0,0.010418549242470937
seed1,seed1_t5_#0,0.018525839644237055
seed1,seed1_t5_#0,0.005050331917184249
seed1,seed1_t5_#0,0.0077907674991991695
seed1,seed1_r5_#1,0.009797820127375546
seed1,seed1_r5_#1,0.012729986782413907
seed1,seed1_r5_#1,0.04826729883876432
seed1,seed1_t5_#1,0.005285268000393183
seed1,seed1_t5_#1,0.008705168047590368
seed1,seed1_t5_#1,0.013804959372683246
seed1,seed1_r5_#2,0.023577199543750472
seed1,seed1_r5_#2,0.013288189110856696
seed1,seed1_r5_#2,0.012718754559771483
seed1,seed1_t5_#2,0.013458957680239237
seed1,seed1_t5_#2,0.006560873380179567
seed1,seed1_t5_#2,0.0073083079370708385
seed1,seed1_r6_#0,0.012753130535637439
seed1,seed1_r6_#0,0.013929422220155176
seed1,seed1_r6_#0,0.020297282540071772
seed1,seed1_t6_#0,0.010385861745086038
seed1,seed1_t6_#0,0.018957887716355225
seed1,seed1_t6_#0,0.01332023812861462
seed1,seed1_r6_#1,0.011441679690530187
seed1,seed1_r6_#1,0.025222353633169194
seed1,seed1_r6_#1,0.01035221418066461
seed1,seed1_t6_#1,0.015023301761143882
seed1,seed1_t6_#1,0.013477448136840962
seed1,seed1_t6_#1,0.010598786643301206
seed1,seed1_r6_#2,0.01737977409292357
seed1,seed1_r6_#2,0.009198258208072541
seed1,seed1_r6_#2,0.006323538251942482
seed1,seed1_t6_#2,0.008893222919352892
seed1,seed1_t6_#2,0.037765196929299194
seed1,seed1_t6_#2,0.011010545567339007
seed1,seed1_r7_#0,0.01427046040563198
seed1,seed1_r7_#0,0.015831163615595945
seed1,seed1_r7_#0,0.03401661567740267
seed1,seed1_t7_#0,0.008813770807825515
seed1,seed1_t7_#0,0.005834469723917824
seed1,seed1_t7_#0,0.010664083693241615
seed1,seed1_r7_#1,0.012055284627498861
seed1,seed1_r7_#1,0.011747672603050185
seed1,seed1_r7_#1,0.026244437041548774
seed1,seed1_t7_#1,0.005882157584168981
seed1,seed1_t7_#1,0.05136801563730784
seed1,seed1_t7_#1,0.02073987672181051
seed1,seed1_r7_#2,0.010381365636782637
seed1,seed1_r7_#2,0.011717802085360112
seed1,seed1_r7_#2,0.012951263174518
seed1,seed1_t7_#2,0.0110935167552984
seed1,seed1_t7_#2,0.009908279994773958
seed1,seed1_t7_#2,0.006284875544256053
seed1,seed1_r8_#0,0.01614812564916787
seed1,seed1_r8_#0,0.0127202557014786
seed1,seed1_r8_#0,0.014510145066581204
seed1,seed1_t8_#0,0.02568259015362173
seed1,seed1_t8_#0,0.009083148216578529
seed1,seed1_t8_#0,0.03363672614438358
seed1,seed1_r8_#1,0.047667826351657755
seed1,seed1_r8_#1,0.02380867443395131
seed1,seed1_r8_#1,0.0355728746227226
seed1,seed1_t8_#1,0.007319488835652833
seed1,seed1_t8_#1,0.006058725728615856
seed1,seed1_t8_#1,0.009412136921898389
seed1,seed1_r8_#2,0.01927366679022178
seed1,seed1_r8_#2,0.016050675981948398
seed1,seed1_r8_#2,0.021577429889094297
seed1,seed1_t8_#2,0.006527841456572267
seed1,seed1_t8_#2,0.011020038547604423
seed1,seed1_t8_#2,0.029767121930340115
seed1,seed1_r9_#0,0.009275370959198094
seed1,seed1_r9_#0,0.010154631124285466
seed1,seed1_r9_#0,0.012098930778602444
seed1,seed1_t9_#0,0.04009271480887011
seed1,seed1_t9_#0,0.011352727099504295
seed1,seed1_t9_#0,0.009114537744340897
seed1,seed1_r9_#1,0.01275301657358535
seed1,seed1_r9_#1,0.02524958050641999
seed1,seed1_r9_#1,0.01094806056187748
seed1,seed1_t9_#1,0.007739916285544195
seed1,seed1_t9_#1,0.008224095394275833
seed1,seed1_t9_#1,0.010208268787711075
seed1,seed1_r9_#2,0.01953067830230264
seed1,seed1_r9_#2,0.010459421064686815
seed1,seed1_r9_#2,0.009577142627825712
seed1,seed1_t9_#2,0.014866009723789285
seed1,seed1_t9_#2,0.035484605191938384
seed1,seed1_t9_#2,0.009237731724244958
